<?xml version="1.0" encoding="utf-8"?>
<!DOCTYPE log4j:configuration PUBLIC "-//LOGGER" "http://logging.apache.org/log4j/1.2/apidocs/org/apache/log4j/xml/doc-files/log4j.dtd">
<log4j:configuration xmlns:log4j="http://jakarta.apache.org/log4j/" debug="false">

    <appender name="LogsSizeRollingAppender" class="org.apache.log4j.RollingFileAppender">
        <param name="File" value="logs/out.log"/>
        <param name="Append" value="true"/>
        <param name="Encoding" value="UTF-8"/>
		<param name="MaxFileSize" value="2000MB"/>
        <param name="MaxBackupIndex" value="2"/>
        <layout class="org.apache.log4j.PatternLayout">
            <param name="ConversionPattern" value="[%X{X-B3-TraceId},%X{X-B3-SpanId}]%d{ISO8601} %-5r %-5p [%c] (%t:%x) %m%n"/>
        </layout>
   </appender>

    <appender name="CONSOLE" class="org.apache.log4j.ConsoleAppender">
        <errorHandler class="org.apache.log4j.helpers.OnlyOnceErrorHandler" />
        <param name="Target" value="System.out" />
        <param name="Threshold" value="DEBUG" />
        <layout class="org.apache.log4j.PatternLayout">
            <param name="ConversionPattern" value="[%X{X-B3-TraceId},%X{X-B3-SpanId}]%d %-5r %-5p [%c] (%t:%x) %m%n" />
        </layout>
    </appender>

    <category name="com.user">
        <priority value="DEBUG" />
        <appender-ref ref="LogsSizeRollingAppender" />
        <appender-ref ref="CONSOLE" />
    </category>

    <category name="org.springframework">
        <priority value="DEBUG" />
        <appender-ref ref="LogsSizeRollingAppender" />
        <appender-ref ref="CONSOLE" />
    </category>

    <logger name="org.apache.http">
        <level value="off"/>
    </logger>

    <logger name="me.prettyprint">
        <level value="off"/>
    </logger>

    <logger name="freemarker">
        <level value="off"/>
    </logger>

</log4j:configuration>
